txn_type,amount
Peer-to-peer payments,266528525286442.28
Merchant payments,65340130480759.31
Recharge & bill payments,13338822543087.693
Others,174281651526.06024
Financial Services,142020907310.27008
